size,layout,local_listing_time_s,local_file_count,local_total_size_gb,s3_listing_time_s,s3_object_count,s3_total_size_gb,upload_throughput_mbs,download_throughput_mbs,selective_time_s,selective_rows,broad_time_s,broad_rows
S,flat,0.0003,1,0.0737,0.1266,1,0.0737,179.34,468.44,0.1747,64587,0.1034,5000000
S,by_date,0.0158,157,0.106,0.1103,157,0.106,16.05,30.0,0.0588,96919,0.4787,5000000
S,by_region,0.0013,25,0.1029,0.0248,25,0.1029,40.17,168.74,0.0456,96919,0.127,5000000
M,flat,0.0003,1,0.3686,0.0059,1,0.3686,261.08,408.89,1.239,322200,0.8926,25000000
M,by_date,0.0698,784,0.5298,5.3419,784,0.5298,17.94,31.81,0.4943,483372,4.1051,25000000
M,by_region,0.0046,125,0.5145,0.11,125,0.5145,38.91,151.32,0.3569,483372,1.1172,25000000
L,flat,0.0004,1,1.4745,0.0078,1,1.4745,246.18,425.03,5.1213,1291441,3.9777,100000000
L,by_date,0.2159,3136,2.1193,33.0353,3136,2.1193,8.27,34.06,3.5099,1936418,27.7179,100000000
L,by_region,0.0382,500,2.058,0.2651,500,2.058,57.28,88.49,1.6342,1936418,4.8968,100000000
